{"cameraMode":{"drawMode":0,"name":"Shaded","section":"Shading Mode"},"sceneLighting":false,"audioPlay":false,"sceneViewState":{"showFog":true,"showMaterialUpdate":false,"showSkybox":false,"showFlares":true,"showImageEffects":true,"showParticleSystems":true},"in2DMode":false,"pivot":{"x":1.8246419429779053,"y":0.28250423073768618,"z":-3.927248477935791},"rotation":{"x":0.19700883328914643,"y":0.4380543529987335,"z":-0.09964494407176972,"w":0.8714942336082459},"size":2.94822359085083,"orthographic":false}