{"cameraMode":{"drawMode":0,"name":"Shaded","section":"Shading Mode"},"sceneLighting":false,"audioPlay":false,"sceneViewState":{"showFog":false,"showMaterialUpdate":false,"showSkybox":false,"showFlares":false,"showImageEffects":false,"showParticleSystems":false},"in2DMode":false,"pivot":{"x":-0.2999999523162842,"y":10.399999618530274,"z":23.998123168945314},"rotation":{"x":0.1053764596581459,"y":-0.13169530034065247,"z":0.014015916734933854,"w":0.9856408834457398},"size":41.52309036254883,"orthographic":false}