{"cameraMode":{"drawMode":0,"name":"Shaded","section":"Shading Mode"},"sceneLighting":false,"audioPlay":false,"sceneViewState":{"showFog":false,"showMaterialUpdate":false,"showSkybox":false,"showFlares":false,"showImageEffects":false,"showParticleSystems":false},"in2DMode":false,"pivot":{"x":-49.07719421386719,"y":113.84930419921875,"z":10.397960662841797},"rotation":{"x":-0.24811044335365296,"y":0.2815282940864563,"z":-0.07611150294542313,"w":-0.9239035248756409},"size":794.31103515625,"orthographic":false}