{"cameraMode":{"drawMode":0,"name":"Shaded","section":"Shading Mode"},"sceneLighting":false,"audioPlay":false,"sceneViewState":{"showFog":false,"showMaterialUpdate":false,"showSkybox":false,"showFlares":false,"showImageEffects":false,"showParticleSystems":false},"in2DMode":false,"pivot":{"x":45.059356689453128,"y":14.9014892578125,"z":198.3623809814453},"rotation":{"x":-0.00988098420202732,"y":0.9748920798301697,"z":-0.2156231701374054,"w":-0.058282654732465747},"size":892.5484008789063,"orthographic":false}