{"cameraMode":{"drawMode":0,"name":"Shaded","section":"Shading Mode"},"sceneLighting":false,"audioPlay":false,"sceneViewState":{"showFog":true,"showMaterialUpdate":false,"showSkybox":false,"showFlares":true,"showImageEffects":true,"showParticleSystems":true},"in2DMode":false,"pivot":{"x":-2.912198066711426,"y":16.374624252319337,"z":1.3942313194274903},"rotation":{"x":-0.0576774999499321,"y":-0.7118492126464844,"z":-0.05885791406035423,"w":0.6974927186965942},"size":41.314395904541019,"orthographic":false}