{"cameraMode":{"drawMode":0,"name":"Shaded","section":"Shading Mode"},"sceneLighting":false,"audioPlay":false,"sceneViewState":{"showFog":true,"showMaterialUpdate":false,"showSkybox":false,"showFlares":true,"showImageEffects":true,"showParticleSystems":true},"in2DMode":false,"pivot":{"x":2.0103492736816408,"y":0.07192407548427582,"z":-1.991798996925354},"rotation":{"x":0.19700883328914643,"y":0.4380543529987335,"z":-0.09964494407176972,"w":0.8714942336082459},"size":2.028658628463745,"orthographic":false}