{"cameraMode":{"drawMode":0,"name":"Shaded","section":"Shading Mode"},"sceneLighting":false,"audioPlay":false,"sceneViewState":{"showFog":false,"showMaterialUpdate":false,"showSkybox":false,"showFlares":false,"showImageEffects":false,"showParticleSystems":false},"in2DMode":false,"pivot":{"x":19.61199951171875,"y":40.049285888671878,"z":121.2021255493164},"rotation":{"x":-0.12178817391395569,"y":0.8437930941581726,"z":-0.21591068804264069,"w":-0.4760039746761322},"size":794.3109130859375,"orthographic":false}