{"cameraMode":{"drawMode":0,"name":"Shaded","section":"Shading Mode"},"sceneLighting":false,"audioPlay":false,"sceneViewState":{"showFog":true,"showMaterialUpdate":false,"showSkybox":false,"showFlares":true,"showImageEffects":true,"showParticleSystems":true},"in2DMode":false,"pivot":{"x":4.046624660491943,"y":0.19604162871837617,"z":-0.09433594346046448},"rotation":{"x":0.19700883328914643,"y":0.4380543529987335,"z":-0.09964494407176972,"w":0.8714942336082459},"size":1.5772277116775513,"orthographic":false}