{"cameraMode":{"drawMode":0,"name":"Shaded","section":"Shading Mode"},"sceneLighting":false,"audioPlay":false,"sceneViewState":{"showFog":false,"showMaterialUpdate":false,"showSkybox":false,"showFlares":false,"showImageEffects":false,"showParticleSystems":false},"in2DMode":false,"pivot":{"x":-8.117401123046875,"y":671.6573486328125,"z":10.4638671875},"rotation":{"x":-0.06761018931865692,"y":-0.9326996207237244,"z":0.21114253997802735,"w":-0.2851564884185791},"size":3910.715087890625,"orthographic":false}